distance,relative_speed,permission,road,visibility,target
5.31,19.06,0.09,0.08,0.43,0
22.82,49.54,0.33,0.15,0.54,0
29.66,1.77,0.5,0.14,0.28,0
2.85,50.9,0.81,0.11,0.89,0
7.86,48.32,0.14,0.91,0.82,0
5.9,4.69,0.71,0.97,0.17,0
20.79,42.76,0.05,0.75,0.6,0
44.41,17.54,0.07,0.62,0.21,0
26.65,25.86,0.94,0.0,0.26,0
34.48,5.56,0.75,0.79,0.99,0
38.23,27.76,0.52,0.93,0.53,0
23.13,6.18,0.69,0.76,0.55,0
33.43,39.49,0.99,0.45,0.53,0
28.72,29.62,0.06,0.45,0.75,0
21.95,10.55,0.1,0.72,0.64,0
25.64,15.69,0.41,0.7,0.59,0
24.26,20.03,0.24,0.3,0.21,0
36.36,5.16,0.94,0.88,0.79,0
28.12,32.88,0.7,0.4,0.53,0
20.95,21.96,0.84,0.62,0.49,0
5.73,30.65,0.05,0.42,0.84,0
13.82,28.46,0.31,0.77,0.89,0
5.49,38.15,0.79,0.05,0.17,0
18.55,6.49,0.26,0.78,0.42,0
38.41,29.41,0.37,0.36,0.8,0
26.41,7.3,0.84,0.88,0.15,0
10.21,29.38,0.72,0.33,0.71,0
25.66,55.31,0.07,0.92,0.23,0
16.1,10.01,0.44,0.88,0.88,0
21.1,42.1,0.98,0.81,0.06,0
38.92,54.97,0.73,0.34,0.44,0
5.7,14.57,0.58,0.82,0.58,0
5.41,25.51,0.73,0.25,0.75,0
24.71,20.36,0.29,0.64,0.67,0
25.04,49.76,0.78,0.71,0.34,0
15.18,52.88,0.43,0.87,0.76,0
10.02,20.4,0.89,0.56,0.26,0
30.11,23.7,0.09,0.39,0.16,0
10.53,37.59,0.31,0.99,0.57,0
25.69,22.3,0.98,0.05,0.27,0
3.16,16.12,0.45,0.44,0.38,0
47.48,23.23,0.61,0.64,0.95,0
35.66,37.67,0.31,0.76,0.56,0
17.77,50.83,0.2,0.84,0.08,0
16.02,30.38,0.68,0.32,0.19,0
17.33,26.05,0.1,0.93,0.21,0
46.32,25.55,0.66,0.14,0.24,0
15.94,47.81,0.22,0.63,0.88,0
36.83,5.0,0.85,0.95,0.73,0
11.13,32.17,0.09,0.64,0.12,0
38.81,32.71,0.45,0.06,0.31,0
42.51,9.04,0.93,0.57,0.3,0
11.94,41.8,0.38,0.47,0.72,0
36.43,28.78,0.73,0.14,0.11,0
18.8,28.88,0.48,0.5,0.14,0
42.59,18.92,0.95,0.49,0.18,0
20.88,44.69,0.46,0.53,0.89,0
49.61,40.27,0.64,0.4,0.05,0
46.0,2.83,0.71,0.43,0.82,0
46.04,32.08,0.15,0.67,0.12,0
16.07,48.58,0.47,0.69,0.4,0
27.6,13.01,0.79,0.03,0.24,0
43.73,15.71,0.88,0.71,0.28,0
11.88,53.27,0.04,0.14,0.58,0
49.23,40.01,0.19,0.84,0.68,0
32.17,51.77,0.64,0.99,0.33,0
32.34,44.15,0.13,0.59,0.29,0
36.45,4.57,1.0,0.46,0.42,0
8.07,20.34,0.8,0.94,0.25,0
38.95,45.71,0.7,0.48,0.56,0
23.95,40.96,0.82,0.86,0.77,0
21.64,43.94,0.82,0.64,0.37,0
27.1,19.22,0.07,0.92,0.01,0
10.87,32.64,0.29,0.47,0.09,0
37.42,1.12,0.45,0.84,0.9,0
12.64,2.93,0.04,0.81,0.96,0
43.31,35.25,0.02,0.41,0.72,0
24.62,6.14,0.79,0.98,0.67,0
17.91,3.88,0.76,0.46,0.72,0
31.95,33.3,0.25,0.82,0.21,0
9.9,2.41,0.52,0.65,0.64,0
39.47,25.99,0.76,0.23,0.78,0
38.93,36.9,0.06,0.15,0.9,0
30.87,35.96,0.4,0.79,0.21,0
44.0,8.18,0.59,0.25,0.57,0
23.95,43.5,0.86,0.21,0.85,0
23.24,11.45,0.25,0.65,0.61,0
33.22,32.85,0.12,0.5,0.28,0
33.45,26.43,0.75,0.44,0.74,0
5.5,42.6,0.92,0.48,0.77,0
40.83,8.02,0.78,0.5,0.67,0
42.8,15.85,0.65,0.06,0.24,0
21.4,14.14,0.87,0.0,0.65,0
12.1,7.15,0.33,0.46,0.72,0
15.07,37.43,0.41,0.46,0.07,0
11.31,33.7,0.99,0.35,0.41,0
11.94,17.63,0.35,0.07,0.83,0
31.41,15.17,0.71,0.87,0.29,0
14.74,45.51,0.37,0.98,0.79,0
48.83,29.46,0.24,0.47,0.93,0
3.75,20.23,0.61,0.69,0.42,0
44.75,49.11,0.73,0.93,0.45,0
6.93,17.58,0.18,0.23,0.46,0
9.62,30.05,0.43,0.96,0.79,0
15.64,33.57,0.68,0.93,0.32,0
37.84,41.1,0.44,0.6,0.48,0
12.52,9.77,0.98,0.07,0.03,0
12.11,11.34,0.31,0.74,0.18,0
27.89,4.34,0.49,0.58,0.59,0
18.59,30.05,0.19,0.59,0.33,0
3.44,51.51,0.87,0.08,0.39,0
7.77,55.79,0.28,0.26,0.99,0
24.14,20.74,0.95,0.85,0.07,0
29.15,54.97,0.71,0.1,0.16,0
16.9,4.1,0.01,0.01,0.08,0
27.58,22.04,0.24,0.28,0.86,0
22.86,2.04,0.03,0.29,0.79,0
4.8,3.63,0.12,0.32,0.74,0
12.27,43.94,0.44,0.83,0.44,0
20.87,49.47,0.54,0.24,0.7,0
49.82,2.71,0.96,0.92,0.93,0
40.44,7.91,0.79,0.71,0.52,0
20.04,20.74,0.97,0.94,0.27,0
39.28,23.13,0.72,0.75,0.09,0
42.37,20.2,0.86,0.19,0.07,0
7.7,24.22,0.26,0.97,0.1,0
31.33,33.32,0.28,0.87,0.78,0
49.82,27.62,0.58,0.3,0.16,0
33.4,51.58,0.47,0.89,0.92,0
11.58,45.33,0.48,0.69,0.21,0
6.18,54.45,0.55,0.29,0.73,0
10.67,43.6,0.99,0.45,0.12,0
4.03,13.13,0.28,0.78,0.58,0
22.46,43.97,0.53,0.96,0.62,0
39.3,10.82,0.87,0.0,0.01,0
40.09,18.37,0.16,0.76,0.27,0
19.11,44.46,0.59,0.46,0.49,0
31.87,40.87,0.05,0.82,0.26,0
22.88,50.73,0.07,0.13,0.31,0
38.2,2.59,0.19,0.39,0.95,0
26.94,55.07,0.08,0.72,0.91,0
6.83,24.56,0.39,0.85,0.37,0
21.94,4.44,0.06,0.34,0.42,0
43.5,32.16,0.56,0.92,0.9,0
25.11,49.74,0.62,0.83,0.32,0
1.81,47.48,0.01,0.9,0.69,0
43.07,39.89,0.63,0.8,0.88,0
23.69,21.73,0.47,0.41,0.29,0
26.7,14.78,0.84,0.87,0.56,0
18.62,8.39,0.34,0.91,0.72,0
36.41,54.94,0.96,0.42,0.01,0
25.73,1.7,0.48,0.85,0.82,0
39.88,41.34,0.37,0.84,0.67,0
43.35,54.3,0.81,0.18,0.53,0
28.2,1.03,0.47,0.54,0.5,0
22.93,19.61,0.51,0.32,0.84,0
6.15,51.76,0.85,0.34,0.5,0
29.38,16.3,0.13,0.68,0.06,0
15.39,19.95,0.4,0.73,0.43,0
22.54,6.07,0.03,0.12,0.14,0
21.29,9.85,0.77,1.0,0.92,0
39.76,20.22,0.84,0.62,0.31,0
42.65,28.74,0.81,0.57,0.91,0
14.23,28.96,0.85,0.54,0.69,0
3.17,31.02,0.77,0.38,0.17,0
38.75,24.77,0.8,0.06,0.54,0
24.41,30.16,0.15,0.97,0.72,0
36.96,7.72,0.15,0.61,0.56,0
18.86,54.07,0.78,0.59,0.01,0
2.95,52.59,0.89,0.19,0.72,0
30.6,32.35,0.62,0.06,0.93,0
46.3,44.31,0.52,0.5,0.65,0
43.83,9.22,0.22,0.06,0.19,0
2.66,40.87,0.28,0.29,0.03,0
12.82,17.6,0.24,0.92,0.15,0
9.23,17.54,0.58,0.63,0.04,0
49.3,9.9,0.9,0.68,0.61,0
41.41,22.44,0.95,0.05,0.65,0
32.91,26.3,0.77,0.96,0.4,0
18.65,42.0,0.08,0.02,0.62,0
33.45,29.42,0.57,0.25,0.67,0
10.15,15.66,0.56,0.01,0.36,0
16.95,18.68,0.88,0.37,0.49,0
20.03,48.99,0.96,0.22,0.64,0
19.3,5.96,0.67,0.03,0.17,0
30.74,52.58,0.61,0.66,0.41,0
27.22,54.28,0.49,0.64,0.14,0
45.07,19.82,0.8,0.41,0.8,0
2.63,8.97,0.76,0.03,0.7,0
15.84,19.01,0.5,0.33,0.7,0
9.94,52.82,0.62,0.61,0.05,0
11.55,8.89,0.06,0.09,0.05,0
2.58,52.3,0.46,0.71,0.68,0
22.94,52.38,0.13,0.79,0.7,0
13.25,35.14,0.87,0.84,0.26,0
8.27,7.54,0.73,0.73,0.02,0
47.58,17.98,0.82,0.27,0.94,0
17.62,2.74,0.78,0.24,0.67,0
44.22,44.81,0.78,0.88,0.4,0
6.19,10.86,0.41,0.23,0.22,0
12.05,37.46,0.03,0.68,0.62,0
33.9,21.57,0.24,0.62,0.1,0
3.3,24.37,0.4,0.8,0.78,0
7.37,36.56,0.38,0.76,0.63,0
42.76,22.3,0.86,0.14,0.73,0
8.75,7.35,0.11,0.48,0.24,0
11.34,43.61,0.84,0.11,0.82,0
43.69,6.38,0.01,0.54,0.27,0
33.54,8.76,0.77,0.1,0.84,0
23.45,31.4,0.81,0.29,0.46,0
17.87,46.53,0.06,0.28,0.41,0
19.67,21.35,0.5,0.6,0.58,0
42.62,55.41,0.06,0.76,0.24,0
28.44,42.04,1.0,0.0,0.4,0
20.65,18.59,0.29,0.6,0.26,0
7.73,41.64,0.58,0.24,0.77,0
5.57,13.31,0.36,0.95,0.19,0
46.71,10.13,0.94,0.84,0.95,0
47.81,46.3,0.84,0.4,0.77,0
8.15,8.83,0.03,0.19,0.99,0
39.82,40.19,0.81,0.02,0.38,0
7.77,32.25,0.89,0.25,0.48,0
35.63,48.17,0.26,0.84,0.72,0
46.13,9.98,0.47,0.65,0.36,0
25.34,41.38,0.8,0.15,0.42,0
21.86,56.0,0.71,0.72,0.94,0
10.28,26.6,0.58,0.83,0.7,0
18.78,19.3,0.32,0.17,0.02,0
33.4,3.28,0.7,0.68,0.19,0
31.07,20.65,0.72,0.76,0.38,0
12.08,29.84,0.39,0.38,0.04,0
20.24,6.3,0.66,0.47,0.25,0
9.64,32.1,0.72,0.13,0.83,0
23.68,12.57,0.06,0.59,0.76,0
9.2,40.34,0.76,0.58,0.15,0
17.78,51.73,0.11,0.92,0.96,0
40.79,34.33,0.67,0.8,0.31,0
29.77,47.43,0.82,0.22,0.66,0
39.03,3.82,0.95,0.24,0.61,0
12.01,8.67,0.35,0.43,0.31,0
37.25,40.35,0.91,0.3,0.63,0
13.95,25.1,0.05,0.79,0.05,0
32.46,48.66,0.22,0.69,0.98,0
38.66,44.48,0.11,0.25,0.57,0
15.55,5.02,0.08,0.74,0.8,0
27.8,50.02,0.33,0.29,0.58,0
41.47,31.47,0.07,0.58,0.77,0
22.91,29.9,0.08,0.67,1.0,0
45.15,23.16,0.26,0.12,0.43,0
37.25,51.05,0.66,0.75,0.01,0
20.56,30.51,0.06,0.75,0.4,0
32.87,54.84,0.93,0.31,0.05,0
36.87,8.36,0.86,0.66,0.09,0
15.22,47.2,0.0,0.67,0.27,0
10.55,38.03,0.28,0.19,0.45,0
20.82,16.57,0.05,0.16,0.89,0
9.99,42.07,0.5,0.93,0.38,0
18.06,28.1,0.22,0.2,0.49,0
26.07,4.53,0.94,0.33,0.43,0
26.3,29.74,0.03,0.47,0.19,0
13.26,15.44,0.2,0.72,0.5,0
34.87,13.57,0.15,0.19,0.97,0
27.81,19.3,0.23,1.0,0.86,0
26.04,34.2,0.12,0.5,0.15,0
20.35,8.51,0.18,0.19,0.62,0
11.28,7.9,0.98,0.44,0.72,0
9.56,8.54,0.92,0.67,0.14,0
7.81,3.51,0.31,0.08,0.65,0
29.08,4.55,0.98,0.69,0.67,0
40.69,19.91,0.97,0.53,0.6,0
9.79,27.98,0.05,0.72,0.26,0
9.85,45.39,0.73,0.41,0.02,0
29.92,4.11,0.08,0.52,0.97,0
20.95,53.05,0.43,0.29,0.62,0
11.52,40.59,0.66,0.27,0.27,0
3.38,47.72,0.49,0.73,0.78,0
29.09,12.89,0.24,0.68,0.32,0
19.17,4.38,0.22,0.44,0.87,0
6.97,10.51,0.29,0.27,0.07,0
39.54,27.26,0.52,0.81,0.97,0
8.42,26.89,0.4,0.26,0.7,0
33.71,3.48,0.07,0.28,0.94,0
2.33,19.02,0.7,0.37,0.93,0
7.91,10.34,0.97,0.71,0.31,0
32.66,23.84,0.34,0.44,0.85,0
49.08,43.18,0.65,0.02,0.78,0
19.92,53.08,0.85,0.48,0.87,0
9.69,41.12,0.86,0.44,0.38,0
5.49,40.04,0.7,0.51,0.28,0
22.93,53.96,0.91,0.48,0.89,0
2.2,20.78,0.18,0.53,0.31,0
33.89,16.75,0.18,0.43,0.6,0
4.24,9.02,0.72,0.27,0.11,0
49.11,11.66,0.74,0.52,0.78,0
43.96,12.9,0.87,0.04,0.16,0
33.06,20.85,0.93,0.47,0.48,0
14.87,11.02,0.28,0.11,0.31,0
8.88,40.36,0.83,0.48,0.66,0
22.6,4.62,0.26,0.47,0.93,0
9.91,8.85,0.17,0.48,0.81,0
38.68,20.45,0.44,0.78,0.31,0
32.84,12.3,0.07,0.53,0.25,0
13.23,23.25,0.99,0.09,0.26,0
2.06,24.56,0.83,0.09,0.49,0
40.97,52.47,0.04,0.67,0.69,0
21.32,21.32,0.05,0.16,0.4,0
14.14,26.08,0.54,0.49,0.39,0
19.81,26.48,0.99,0.69,0.85,0
41.96,18.13,0.94,0.57,0.41,0
42.79,21.97,0.26,0.93,0.38,0
8.22,33.91,0.43,0.45,0.8,0
18.75,11.34,0.28,0.75,0.25,0
34.72,16.18,0.92,0.88,0.36,0
11.89,5.02,0.4,0.67,0.96,0
17.31,54.51,0.2,0.47,0.21,0
22.6,9.02,0.26,0.27,0.38,0
21.01,52.46,0.53,0.44,0.41,0
26.68,27.88,0.34,0.6,0.68,0
11.15,16.63,1.0,0.92,0.97,0
1.53,8.56,0.93,0.9,0.7,0
33.49,17.28,0.14,0.81,0.11,0
26.23,39.91,0.37,0.5,0.51,0
20.21,15.84,0.99,0.12,0.15,0
2.68,16.39,0.43,0.91,0.93,0
23.18,9.83,0.43,0.23,0.43,0
22.99,13.61,0.77,0.31,0.3,0
13.21,13.74,0.28,0.61,0.24,0
40.07,33.32,0.59,0.95,0.39,0
38.53,40.31,0.52,0.72,0.32,0
26.9,45.22,0.37,0.03,0.49,0
12.13,2.57,0.85,0.73,0.67,0
45.82,25.62,0.34,0.02,0.85,0
23.28,21.95,0.1,0.01,0.04,0
3.76,7.68,0.9,0.89,0.73,0
48.53,28.88,0.14,0.51,0.95,0
49.85,37.72,0.8,0.13,0.71,0
37.62,21.85,0.09,0.69,0.52,0
31.56,31.63,0.19,0.08,0.97,0
11.28,13.17,0.93,0.46,0.86,0
28.35,44.72,0.38,0.4,0.85,0
14.95,12.44,0.67,0.88,0.29,0
46.23,1.2,0.48,0.89,0.69,0
18.27,17.85,0.22,0.14,0.12,0
38.48,52.86,0.64,0.3,0.92,0
27.05,52.59,0.25,0.25,0.63,0
24.28,47.35,0.86,0.65,0.08,0
33.17,31.67,0.62,0.7,0.13,0
34.6,30.01,0.18,0.55,0.39,0
11.6,29.13,0.99,0.05,0.5,0
27.9,10.24,0.79,0.44,0.52,0
16.1,39.98,0.82,0.39,0.16,0
10.1,42.44,0.63,0.27,0.79,0
24.34,34.02,0.78,0.85,0.22,0
29.45,21.44,0.37,0.77,0.51,0
35.7,51.9,0.67,0.02,0.97,0
23.41,28.76,0.21,0.59,0.13,0
2.65,7.1,0.16,0.8,0.62,0
49.08,11.85,0.98,0.86,0.0,0
20.63,50.96,0.8,0.65,0.67,0
6.11,1.88,0.85,0.66,0.3,0
47.17,25.72,0.61,0.96,0.38,0
37.59,54.12,0.34,0.33,0.36,0
44.97,27.39,0.7,0.37,0.46,0
10.52,4.94,0.0,0.95,0.94,0
25.43,36.46,0.35,0.33,0.64,0
14.15,34.53,0.48,0.23,0.78,0
9.69,43.27,0.42,0.77,0.48,0
13.85,22.28,0.32,0.1,0.07,0
49.19,27.59,0.35,0.81,0.27,0
35.34,32.34,0.31,0.56,0.7,0
29.19,16.34,0.1,0.17,0.85,0
7.25,7.9,0.05,0.39,0.12,0
24.51,7.1,0.83,0.77,0.28,0
11.81,46.11,0.88,0.2,0.08,0
33.69,53.34,0.71,0.29,0.48,0
22.69,30.34,0.69,0.85,0.29,0
18.13,21.2,0.66,0.09,0.68,0
6.29,23.18,0.33,0.6,0.77,0
40.64,52.13,0.25,0.61,0.96,0
31.36,12.38,0.04,0.17,0.54,0
39.51,25.33,0.47,0.81,0.48,0
20.93,49.86,0.6,0.52,0.47,0
29.17,9.83,0.89,0.69,0.6,0
15.25,10.77,0.6,0.68,0.95,0
41.9,16.69,0.85,0.77,0.57,0
22.4,49.58,0.73,0.03,0.33,0
38.94,30.3,1.0,0.79,0.83,0
9.9,23.12,0.77,0.33,0.78,0
10.56,40.45,0.32,0.07,0.27,0
9.07,17.35,0.46,0.01,0.4,0
16.24,14.55,0.31,0.81,0.1,0
39.31,38.47,0.26,0.15,0.73,0
15.14,36.51,0.86,0.39,0.24,0
32.79,20.3,0.64,0.01,0.96,0
19.98,46.56,0.07,0.29,0.45,0
35.48,52.42,0.75,0.28,0.56,0
43.2,51.21,0.37,0.49,0.34,0
6.54,47.78,0.38,0.97,0.16,0
26.76,36.13,0.12,0.69,0.35,0
3.3,26.1,0.49,0.12,0.29,0
14.9,32.82,0.4,0.72,0.91,0
12.02,39.08,0.06,0.97,0.68,0
12.04,53.05,0.94,0.79,0.14,0
41.56,15.59,0.68,0.63,0.18,0
41.0,19.38,0.09,0.56,0.65,0
49.93,19.77,0.92,0.81,0.38,0
2.92,6.83,0.13,0.06,0.77,0
10.03,13.65,0.37,0.92,0.88,0
16.48,18.16,0.01,0.18,0.72,0
42.51,7.32,0.26,0.01,0.73,0
13.37,21.36,0.97,0.43,0.36,0
2.86,14.57,0.71,0.81,0.21,0
5.52,45.57,0.37,0.19,0.37,0
14.97,38.68,0.12,0.32,0.54,0
30.93,31.83,0.41,0.02,0.9,0
6.22,22.78,0.85,0.25,0.63,0
31.99,3.53,0.01,0.57,0.57,0
47.44,21.06,1.0,0.81,0.36,0
1.42,50.47,0.23,0.27,0.7,0
35.41,37.46,0.91,0.41,0.74,0
12.62,49.65,0.7,0.83,0.21,0
3.54,2.9,0.41,0.34,0.02,0
30.79,41.06,0.23,0.51,0.81,0
7.78,26.31,0.58,0.94,0.09,0
33.4,34.0,0.44,0.2,0.26,0
1.76,49.7,0.67,0.79,0.22,0
37.98,9.86,0.26,0.78,0.45,0
46.23,1.31,0.63,0.77,0.68,0
8.15,10.78,0.24,0.65,0.7,0
31.36,32.15,0.82,0.95,0.83,0
48.31,52.74,0.43,0.78,0.4,0
35.53,44.83,0.03,0.24,0.53,0
5.0,17.25,0.35,0.12,0.91,0
23.3,43.84,0.76,0.18,0.86,0
48.11,22.13,0.9,0.98,1.0,0
44.56,21.86,0.27,0.7,0.0,0
39.54,27.5,0.77,0.59,0.4,0
26.39,40.39,0.02,0.27,0.99,0
35.17,40.7,0.84,0.09,0.76,0
44.07,9.73,0.27,0.15,0.7,0
32.03,28.45,0.98,0.2,0.95,0
48.27,7.96,0.97,0.69,0.88,0
42.1,37.1,0.27,0.45,0.61,0
45.85,11.76,0.09,1.0,0.18,0
9.83,23.15,0.31,0.26,0.67,0
33.23,54.9,0.84,0.57,0.19,0
6.66,31.64,0.23,0.36,0.05,0
33.27,24.0,0.57,0.4,0.96,0
9.07,4.5,0.93,0.02,0.23,0
42.84,47.38,0.41,0.11,0.38,0
41.3,52.09,0.82,0.41,0.09,0
7.41,11.8,0.92,1.0,0.68,0
22.38,27.21,0.09,0.51,0.78,0
44.02,29.53,0.87,0.32,0.88,0
14.36,26.72,0.04,0.19,0.74,0
25.52,48.71,0.87,0.45,0.09,0
32.86,43.57,0.44,0.64,0.95,0
21.66,45.5,0.3,0.46,0.71,0
32.6,34.65,0.53,0.3,0.41,0
1.86,31.52,0.12,0.1,0.68,0
36.72,47.77,0.14,0.87,0.9,0
38.9,35.08,0.86,0.44,0.97,0
44.72,6.97,0.42,0.24,0.27,0
22.93,30.65,0.12,0.99,0.55,0
14.28,37.11,0.58,0.75,0.1,0
25.39,53.63,1.0,0.18,0.36,0
43.63,38.7,0.04,0.29,0.65,0
24.41,23.77,0.1,0.32,0.28,0
11.84,37.42,0.81,0.1,0.41,0
33.8,36.27,0.15,0.55,0.35,0
9.79,2.51,0.3,0.86,0.93,0
46.08,39.16,0.44,0.62,0.34,0
23.05,25.26,0.92,0.83,0.66,1
27.54,31.85,0.75,0.65,0.55,1
45.27,45.82,0.54,0.83,0.9,1
32.17,40.01,0.58,0.92,0.61,1
20.51,36.81,0.53,0.85,0.74,1
9.29,54.23,0.75,0.69,0.73,1
49.73,55.59,0.7,0.82,0.89,1
23.84,33.79,0.54,0.72,0.64,1
21.67,27.69,0.84,0.89,0.65,1
10.71,52.67,0.7,0.75,0.89,1
18.39,33.36,0.78,0.59,0.65,1
21.0,37.72,0.69,0.63,0.83,1
18.06,50.08,0.66,0.71,0.56,1
8.89,42.94,0.52,0.68,0.55,1
40.99,43.56,0.64,0.68,0.63,1
36.16,48.07,0.8,0.59,0.55,1
21.51,15.58,0.6,0.73,0.61,1
7.11,38.57,0.62,0.57,0.6,1
8.38,45.37,0.73,0.82,0.56,1
6.69,53.72,0.66,0.73,0.55,1
24.51,22.57,0.91,0.81,0.8,1
26.7,37.52,0.54,0.94,0.72,1
21.95,28.4,0.5,0.77,0.9,1
23.12,15.88,0.58,0.73,0.72,1
2.64,33.92,0.96,0.79,0.98,1
25.83,18.07,0.84,0.99,0.88,1
38.42,43.61,0.71,0.81,0.51,1
11.72,34.18,0.72,0.91,0.6,1
31.71,50.42,0.87,0.64,0.65,1
40.36,42.07,0.55,0.65,0.74,1
40.78,41.6,0.76,0.68,0.91,1
41.6,43.97,0.94,0.64,0.84,1
36.87,54.92,0.9,0.78,0.55,1
44.06,55.42,0.87,0.63,0.82,1
20.94,19.82,0.51,0.99,0.73,1
18.9,45.16,0.77,0.58,0.56,1
6.39,38.55,0.99,0.53,0.58,1
46.85,42.04,0.7,0.75,0.79,1
13.08,33.16,0.77,0.64,0.77,1
3.53,35.77,0.8,0.78,0.85,1
31.4,46.62,0.5,0.66,0.87,1
27.13,30.23,0.92,0.68,0.79,1
11.06,31.05,0.97,0.97,0.98,1
39.61,55.03,0.63,0.66,0.74,1
14.26,39.27,0.96,0.58,0.53,1
27.23,27.07,0.5,0.7,0.99,1
41.64,54.03,1.0,0.88,0.94,1
25.42,20.44,0.81,0.98,0.89,1
10.02,39.4,0.71,0.82,0.56,1
29.0,34.76,0.7,0.68,0.88,1
21.81,20.8,0.55,0.86,0.8,1
5.43,30.11,0.57,0.53,0.65,1
1.39,36.1,0.59,0.66,0.9,1
17.67,38.65,0.82,0.66,0.81,1
27.92,20.49,0.94,0.58,0.64,1
43.2,47.24,0.88,0.54,0.92,1
41.2,49.52,0.88,0.9,0.87,1
24.14,26.29,0.75,0.73,0.93,1
4.05,40.6,0.63,0.77,0.76,1
31.59,50.2,0.77,0.86,0.77,1
25.23,18.12,0.97,0.5,0.97,1
41.87,49.73,0.88,0.94,0.82,1
3.49,55.14,0.53,0.88,0.55,1
26.75,23.05,0.66,0.86,0.68,1
36.3,53.86,0.65,0.58,0.69,1
48.98,50.97,0.66,0.71,0.81,1
18.86,45.96,0.9,0.84,0.59,1
11.08,49.28,0.77,0.52,0.61,1
26.55,28.81,0.56,0.94,0.56,1
20.85,38.39,0.95,0.62,0.88,1
30.94,41.67,0.73,0.97,0.9,1
8.16,30.08,0.6,0.71,0.76,1
22.03,38.01,0.95,0.66,0.6,1
32.15,53.06,0.58,0.95,0.9,1
11.54,42.44,0.74,0.8,0.83,1
19.31,54.12,0.54,0.87,0.85,1
47.44,42.02,0.99,0.56,0.74,1
34.27,43.33,0.81,0.91,0.75,1
5.76,39.45,0.86,0.87,0.86,1
25.59,31.28,0.5,0.52,0.64,1
48.58,42.27,0.64,0.81,0.89,1
1.63,51.9,0.94,0.96,0.88,1
32.93,45.62,0.62,0.74,0.93,1
21.69,17.53,0.62,0.71,0.84,1
16.84,41.77,0.97,0.58,0.87,1
18.45,34.3,0.52,0.6,0.76,1
18.36,41.52,1.0,0.93,0.52,1
31.72,46.47,0.88,0.59,0.55,1
46.08,49.02,0.93,0.86,0.61,1
35.88,53.57,0.75,0.69,0.54,1
33.72,40.12,0.71,0.72,0.99,1
26.44,25.01,0.96,0.95,0.7,1
41.78,44.2,0.79,0.6,0.56,1
25.14,18.87,0.73,0.51,0.68,1
25.63,34.57,0.72,0.64,0.73,1
25.85,20.85,0.67,0.62,0.77,1
33.09,50.63,0.61,0.52,0.94,1
25.96,26.29,0.98,0.66,0.65,1
48.64,44.06,0.96,0.58,0.94,1
44.28,50.09,0.77,0.57,0.53,1
9.17,42.22,0.66,0.59,0.5,1
28.97,25.45,0.73,0.63,0.86,1
9.03,34.22,0.68,0.73,0.51,1
10.03,36.97,0.92,0.75,0.88,1
6.29,55.79,0.79,0.83,0.75,1
36.48,49.82,0.8,0.52,0.86,1
8.06,49.52,0.93,0.73,0.9,1
26.14,19.57,0.97,0.56,0.58,1
47.14,54.72,0.81,0.65,0.98,1
42.74,44.49,0.71,0.53,0.86,1
3.24,55.77,0.95,0.57,0.89,1
18.73,39.76,0.64,0.86,0.75,1
26.26,29.94,0.82,0.69,0.54,1
43.7,46.11,0.62,0.51,0.6,1
7.02,33.44,0.88,0.71,0.57,1
16.59,50.79,0.65,0.93,0.97,1
24.27,31.83,0.82,0.61,0.67,1
1.46,47.77,0.56,0.76,0.55,1
29.82,26.28,0.61,0.78,0.68,1
22.48,38.71,0.95,0.62,0.73,1
7.4,53.44,0.89,0.65,0.87,1
28.61,22.82,0.87,0.64,0.97,1
3.71,41.61,0.83,0.89,0.87,1
23.38,31.0,0.6,0.51,0.63,1
26.99,30.73,0.54,0.76,0.74,1
32.74,42.83,0.53,0.52,0.99,1
32.37,51.35,0.61,0.51,0.9,1
11.76,50.65,0.61,0.68,0.61,1
38.67,54.33,0.94,0.93,0.6,1
2.58,32.9,0.52,0.57,0.98,1
3.75,30.08,0.87,0.55,0.57,1
41.64,42.21,0.65,0.59,0.66,1
26.33,20.77,0.81,0.72,0.64,1
19.38,36.57,0.97,0.94,0.84,1
8.89,41.19,0.81,0.5,0.73,1
12.59,41.55,0.7,0.63,0.52,1
9.94,35.76,0.51,0.55,0.7,1
3.06,31.85,0.94,0.55,0.8,1
3.5,54.67,0.56,0.85,0.78,1
2.92,39.42,0.79,0.74,0.59,1
28.31,17.72,0.55,0.95,0.55,1
10.73,34.65,0.89,0.93,0.9,1
34.02,48.46,0.91,0.56,0.84,1
42.22,43.4,0.61,0.64,0.93,1
27.86,33.5,0.58,0.85,0.9,1
11.25,32.95,0.94,0.78,0.82,1
20.72,38.32,0.53,0.7,0.75,1
24.15,27.71,0.69,0.52,1.0,1
7.16,35.36,0.72,0.51,0.88,1
26.49,33.69,0.59,0.53,0.83,1
17.71,31.49,0.99,0.59,0.93,1
33.61,46.62,0.68,0.84,0.55,1
7.44,43.65,0.62,0.79,0.79,1
5.45,47.42,0.62,0.75,0.8,1
13.22,38.05,0.74,0.65,0.69,1
13.85,53.56,0.99,0.71,0.7,1
6.92,49.18,0.91,0.53,0.69,1
16.48,33.67,0.85,0.93,0.92,1
1.61,54.97,0.72,0.66,0.59,1
16.01,51.6,0.83,0.92,0.86,1
27.31,35.49,0.78,0.76,0.61,1
6.93,30.47,0.54,0.52,0.99,1
7.33,44.14,0.77,0.95,0.96,1
1.47,52.87,0.67,0.88,0.66,1
8.8,50.22,0.8,0.87,0.62,1
10.97,43.62,0.83,0.6,0.71,1
41.07,45.24,0.61,0.98,0.59,1
29.52,16.49,0.82,0.68,0.94,1
8.35,44.12,0.86,0.77,0.7,1
10.21,36.97,0.94,0.78,0.54,1
1.05,49.57,0.61,0.72,0.6,1
30.23,55.75,0.91,0.94,0.51,1
38.6,49.39,0.6,0.87,0.71,1
7.16,36.14,0.84,0.69,0.94,1
34.71,55.61,0.75,0.97,0.99,1
24.53,25.69,0.71,0.66,0.9,1
10.1,41.14,0.73,0.59,0.97,1
38.0,50.14,0.54,0.78,0.58,1
34.2,49.41,0.68,0.58,0.94,1
29.74,35.91,0.95,0.74,0.52,1
10.36,38.08,0.88,0.65,0.86,1
49.16,53.81,0.84,0.83,0.84,1
20.54,28.89,0.94,0.84,0.75,1
6.69,32.77,0.6,0.59,0.75,1
7.7,52.04,0.57,0.6,0.7,1
45.2,45.93,0.75,0.91,0.84,1
17.94,48.52,0.51,0.82,0.66,1
9.98,51.07,0.86,0.51,0.58,1
22.35,28.15,0.74,0.76,0.57,1
9.3,47.92,0.5,0.79,0.67,1
43.93,41.72,0.72,0.97,0.83,1
3.29,44.51,0.65,0.55,0.57,1
38.29,53.09,0.6,0.52,0.76,1
7.41,54.67,0.98,0.52,0.77,1
26.67,15.96,0.73,0.97,0.99,1
15.51,41.44,0.86,0.96,0.73,1
5.37,35.29,0.61,0.72,1.0,1
41.73,48.89,0.93,0.69,0.66,1
9.44,36.33,0.88,0.88,0.97,1
4.81,55.29,0.98,0.75,0.82,1
2.65,42.31,0.76,0.59,0.69,1
45.2,40.09,0.84,0.8,0.82,1
9.66,31.93,0.83,0.99,0.99,1
23.98,22.91,0.86,0.67,0.91,1
10.92,40.13,0.55,0.78,0.7,1
43.67,43.44,0.66,0.55,0.78,1
10.81,37.33,0.52,0.82,0.55,1
25.91,29.71,0.77,0.77,0.83,1
19.0,47.38,0.81,0.61,0.6,1
11.81,41.61,0.68,0.68,0.56,1
28.0,21.7,0.7,0.74,0.56,1
37.22,47.81,0.64,0.61,0.63,1
14.82,32.09,0.63,0.59,0.63,1
24.88,25.75,0.99,0.99,0.92,1
31.98,44.54,0.83,0.5,0.57,1
9.36,48.64,0.93,0.94,0.97,1
9.52,42.55,0.66,0.77,0.55,1
1.93,44.73,0.71,0.84,0.76,1
11.79,38.9,0.82,0.7,0.81,1
32.15,48.53,0.58,0.56,0.66,1
38.55,46.05,0.74,0.61,0.85,1
8.75,37.91,0.66,0.73,0.97,1
28.67,36.23,0.95,0.93,0.88,1
18.17,36.46,0.77,0.86,0.64,1
29.08,37.74,0.66,0.67,0.8,1
33.77,55.78,0.66,0.63,0.83,1
22.84,27.93,0.77,0.83,0.66,1
36.64,50.85,0.8,0.78,0.92,1
10.79,35.65,0.73,0.6,0.96,1
33.18,43.34,0.87,0.7,0.62,1
24.2,19.44,0.99,0.89,0.97,1
14.64,44.96,0.65,0.7,0.67,1
48.18,40.89,0.74,0.68,0.94,1
37.98,53.87,0.74,0.68,0.88,1
6.45,41.92,0.53,0.73,0.99,1
11.12,48.53,0.91,0.9,0.79,1
17.95,38.47,0.84,0.9,0.82,1
2.12,34.58,0.87,0.75,0.64,1
18.61,51.42,0.84,0.8,0.86,1
7.33,49.81,0.76,0.72,1.0,1
13.39,49.31,0.94,0.84,0.64,1
3.98,32.03,0.64,0.59,0.71,1
37.37,55.95,0.58,0.69,0.97,1
5.97,31.72,0.76,0.93,0.85,1
20.95,20.56,0.54,0.66,0.63,1
26.36,16.24,0.85,0.67,0.65,1
21.23,37.13,0.68,0.84,0.63,1
25.18,25.99,0.8,0.73,0.78,1
43.01,44.51,0.6,0.87,0.67,1
3.41,34.35,0.52,0.78,0.57,1
14.75,30.95,0.77,0.76,0.9,1
45.68,51.23,0.82,0.66,0.64,1
19.49,30.98,0.6,0.73,0.69,1
7.32,47.81,0.68,0.72,0.54,1
16.24,43.01,0.78,0.87,0.53,1
24.52,37.82,0.77,0.63,0.58,1
12.64,50.94,0.69,0.53,0.83,1
31.05,45.78,0.59,0.69,0.91,1
19.55,53.02,0.88,1.0,0.85,1
13.57,32.84,0.77,0.95,0.78,1
49.97,53.5,0.99,0.72,0.93,1
4.38,51.11,0.94,0.81,0.72,1
14.03,31.35,0.76,0.74,0.72,1
7.64,51.67,0.68,0.59,0.57,1
26.69,34.5,0.62,0.52,0.93,1
45.21,54.57,0.66,0.9,0.75,1
48.89,41.89,0.81,0.58,0.61,1
3.56,46.33,0.76,0.82,0.65,1
14.41,40.23,0.9,0.55,0.78,1
3.82,49.65,0.8,0.91,0.97,1
2.15,38.85,0.75,0.76,0.55,1
7.43,35.37,0.54,0.86,0.6,1
23.63,31.07,0.75,0.96,0.91,1
29.31,15.13,0.82,0.84,0.78,1
25.62,36.32,0.61,0.98,0.67,1
2.32,40.96,0.66,0.79,0.9,1
13.56,54.15,0.87,0.53,0.63,1
11.46,34.57,0.59,0.79,0.67,1
38.97,44.12,0.82,0.67,0.58,1
24.32,19.52,0.59,0.54,0.93,1
46.07,52.81,0.8,0.6,0.77,1
28.86,28.04,0.6,0.87,0.54,1
29.23,21.74,0.61,0.64,0.51,1
49.75,46.87,0.98,0.87,0.62,1
29.06,37.0,0.98,0.51,0.72,1
29.27,33.97,0.91,0.52,0.85,1
9.8,44.56,0.86,0.61,0.91,1
45.25,47.86,0.83,0.86,0.97,1
17.66,39.08,0.6,0.73,0.91,1
3.39,48.84,0.91,0.9,0.71,1
22.37,31.61,0.52,0.86,0.5,1
12.52,48.58,0.7,0.64,0.56,1
32.86,54.38,0.64,0.54,0.67,1
26.95,15.49,0.65,0.98,0.6,1
49.82,41.8,0.56,0.82,1.0,1
29.39,17.07,0.67,0.96,0.75,1
17.51,36.69,0.63,0.6,0.93,1
16.46,31.79,0.96,0.82,0.85,1
16.8,54.26,0.83,0.84,0.56,1
38.97,47.99,0.68,0.64,0.83,1
10.02,53.33,0.89,0.72,0.51,1
48.49,54.9,0.63,0.54,0.65,1
29.01,36.96,0.66,0.81,0.86,1
5.7,54.97,0.65,0.98,0.53,1
22.22,25.23,0.64,0.82,0.99,1
40.79,46.81,0.98,0.6,0.86,1
41.06,54.07,0.53,0.81,0.59,1
16.5,31.89,0.56,0.67,0.95,1
3.38,44.93,0.74,0.69,0.69,1
40.98,41.71,0.53,0.7,0.95,1
48.34,43.29,0.89,0.66,0.66,1
14.95,49.44,0.59,0.99,0.71,1
2.42,54.58,0.66,0.61,0.56,1
33.58,50.42,0.69,0.69,0.83,1
30.88,55.42,0.79,0.97,0.85,1
28.82,34.54,0.69,0.79,0.89,1
35.09,44.91,0.73,0.7,0.79,1
22.85,33.62,0.8,0.98,0.82,1
22.33,32.17,0.96,0.98,0.75,1
22.18,22.67,0.85,0.71,0.62,1
10.97,46.02,0.88,0.72,0.74,1
48.21,50.41,0.89,0.72,0.82,1
29.08,32.57,0.99,0.89,0.63,1
12.99,44.8,0.8,0.5,0.77,1
11.72,38.88,0.76,0.73,0.98,1
18.22,39.76,0.54,0.52,0.99,1
8.37,35.98,0.7,1.0,0.89,1
2.58,41.61,0.95,0.86,0.53,1
10.47,44.22,0.76,0.53,0.76,1
29.36,36.62,0.91,0.54,0.53,1
44.34,51.93,0.64,0.92,0.91,1
9.94,39.3,0.72,1.0,0.67,1
21.74,18.87,0.73,0.74,0.8,1
48.31,49.42,0.82,0.62,0.65,1
3.17,33.95,0.94,0.95,0.78,1
49.47,54.84,0.88,0.55,0.61,1
26.35,26.23,0.91,0.65,0.62,1
22.18,36.1,0.85,0.52,0.67,1
22.52,17.72,0.54,0.53,0.56,1
13.01,55.95,0.76,0.89,0.61,1
21.87,15.84,0.63,0.98,0.87,1
16.11,52.84,0.62,0.58,0.67,1
15.98,33.33,0.88,0.5,0.98,1
17.99,41.79,0.59,0.66,0.95,1
12.03,30.09,0.53,0.83,0.62,1
22.32,19.26,0.89,0.98,0.77,1
6.66,54.49,0.77,0.71,0.53,1
4.77,49.49,0.69,0.82,0.51,1
17.87,54.01,0.75,0.77,0.5,1
39.61,43.2,0.95,0.55,0.8,1
6.61,54.77,0.74,0.87,0.85,1
37.9,45.01,0.66,0.97,0.64,1
31.17,43.07,0.76,0.79,0.6,1
9.76,39.87,0.89,0.85,0.62,1
17.47,33.08,0.54,0.88,0.52,1
2.94,34.31,0.53,0.87,0.84,1
1.34,51.53,0.8,0.58,0.73,1
30.52,43.83,0.57,0.53,0.69,1
36.07,40.17,0.97,0.52,0.76,1
7.42,31.3,0.91,0.84,0.56,1
9.3,37.4,0.95,0.94,0.71,1
39.44,41.4,0.52,0.6,0.83,1
45.0,41.44,0.75,0.82,0.95,1
40.5,50.85,0.64,0.98,0.73,1
20.26,19.22,0.97,0.74,0.92,1
48.64,40.3,0.59,0.87,0.86,1
3.1,32.93,0.86,0.61,0.68,1
29.64,22.92,0.68,0.93,0.56,1
3.4,47.73,0.85,0.94,0.79,1
21.57,37.28,0.91,0.81,0.78,1
11.3,53.95,0.85,0.65,0.58,1
20.69,32.59,0.54,0.66,0.67,1
42.76,47.68,0.58,0.89,0.92,1
12.01,40.48,0.73,0.75,0.69,1
34.78,43.9,0.6,1.0,0.95,1
16.03,33.16,0.67,0.86,0.8,1
18.69,45.57,0.68,0.69,0.95,1
3.47,48.52,0.68,0.92,0.71,1
27.84,15.36,0.62,0.89,0.5,1
11.92,37.85,0.76,0.83,0.6,1
19.75,42.62,0.62,0.74,0.6,1
32.27,43.88,0.61,0.62,0.72,1
21.35,17.99,0.92,0.91,0.53,1
36.94,51.92,0.6,0.55,0.71,1
20.61,22.27,0.8,0.67,0.69,1
17.89,42.15,0.88,0.86,0.76,1
35.03,44.02,0.62,0.83,0.92,1
34.98,45.93,0.71,0.8,0.51,1
17.38,44.78,0.64,0.65,0.84,1
47.72,44.85,0.7,0.54,0.93,1
30.38,40.69,0.86,0.55,0.51,1
17.01,44.75,0.84,0.94,0.85,1
21.57,19.03,0.96,0.96,0.86,1
14.16,53.7,0.78,1.0,0.55,1
49.68,51.69,0.78,0.8,0.79,1
10.73,30.51,0.74,0.76,0.95,1
7.93,36.66,0.52,0.79,0.97,1
9.42,38.32,0.84,0.8,0.94,1
42.12,46.4,0.75,0.82,0.97,1
39.5,54.0,0.75,0.68,0.93,1
14.26,47.96,0.83,0.88,0.88,1
27.35,38.0,0.71,0.94,0.94,1
25.04,17.13,0.67,0.6,0.61,1
11.66,43.24,0.95,0.56,0.7,1
48.36,52.98,0.78,0.65,0.71,1
19.4,39.32,0.6,0.71,0.88,1
34.74,43.58,0.62,0.54,0.78,1
29.1,22.36,0.97,0.52,0.55,1
32.62,43.34,0.87,0.75,0.82,1
37.17,47.02,0.82,0.75,0.67,1
9.43,34.76,1.0,0.53,0.7,1
25.17,38.6,0.84,0.77,0.99,1
13.61,31.86,0.77,0.86,0.53,1
13.17,43.04,0.53,0.54,0.74,1
30.3,50.65,0.66,0.84,0.6,1
4.76,42.14,0.61,1.0,0.94,1
26.52,24.82,0.82,0.84,0.7,1
26.4,24.45,0.89,0.52,0.65,1
25.23,15.97,0.82,0.84,0.68,1
28.19,39.33,0.87,0.95,0.94,1
37.49,48.25,0.64,0.73,0.81,1
46.87,48.52,0.54,0.6,0.91,1
6.0,54.14,0.78,0.88,0.54,1
47.83,48.6,0.84,0.88,0.94,1
44.82,50.8,0.9,0.89,0.54,1
15.53,40.35,0.61,0.84,0.74,1
2.51,39.61,0.67,0.85,0.53,1
19.24,54.32,1.0,0.77,0.74,1
20.99,26.4,0.72,0.92,0.89,1
41.52,51.57,0.59,0.54,0.83,1
10.43,39.99,0.62,0.91,0.91,1
40.95,51.17,0.97,0.84,0.73,1
44.39,42.67,0.87,0.58,0.64,1
15.63,50.92,0.82,0.6,0.81,1
37.3,51.29,0.73,0.66,0.61,1
31.37,41.8,0.63,0.79,0.53,1
5.79,32.49,0.52,0.74,0.78,1
15.06,54.8,0.62,0.7,0.75,1
16.32,49.59,0.74,0.87,0.54,1
10.95,31.72,0.9,0.64,0.95,1
37.04,43.71,0.76,0.62,0.74,1
36.7,45.91,0.62,0.77,0.59,1
31.67,43.0,0.59,0.84,0.57,1
7.32,44.54,0.93,0.91,0.77,1
45.36,54.16,0.76,0.72,0.75,1
26.31,31.5,0.97,0.67,0.67,1
18.38,30.01,0.62,0.89,0.68,1
33.37,53.53,0.91,0.51,0.66,1
35.02,46.77,0.84,0.89,0.95,1
13.53,48.7,0.99,0.99,0.88,1
36.3,50.99,0.77,0.54,0.68,1
12.59,36.31,0.91,0.61,0.84,1
15.12,40.68,0.66,0.82,0.53,1
45.38,55.64,0.65,0.99,0.83,1
25.08,25.92,0.97,0.67,0.71,1
40.31,53.96,0.85,0.66,0.69,1
28.2,28.23,0.85,0.96,0.84,1
15.0,50.04,0.61,0.88,0.9,1
26.48,24.76,0.54,0.61,0.81,1
34.38,40.18,0.66,0.55,0.9,1
11.54,43.99,0.71,0.52,0.59,1
39.98,51.86,0.82,0.69,0.62,1
27.06,36.58,0.69,0.86,0.79,1
7.27,31.9,0.83,0.76,0.79,1
36.99,52.43,0.6,0.5,0.77,1
11.41,54.01,0.51,0.83,0.95,1
23.35,31.79,0.51,0.82,0.96,1
30.89,45.14,0.99,0.76,0.89,1
5.68,46.23,0.51,0.5,0.93,1
11.67,40.77,0.64,0.72,0.61,1
13.4,42.95,0.75,0.55,0.74,1
16.98,54.02,0.68,0.93,0.87,1
